{"loss": [2.00871695790972, 1.2032001529421126, 0.8407806413514274], "LMOutput_loss": [0.6506306188447135, 0.5228017824036735, 0.3825153793607439], "MCOutput_loss": [0.7074556861604963, 0.1575966083577701, 0.07574989540236336], "LMOutput_perplexity_lm": [2.2123106718063354, 1.6977678196770805, 1.536056399345398], "LMOutput_precision_lm": [0.10840336286595889, 0.0945378164095538, 0.0945378164095538], "LMOutput_f1_score_lm": [0.19304594610418593, 0.17209357023239136, 0.17209357023239136], "LMOutput_top_1_lm": [0.07037814926089984, 0.006302521031882081, 0.0031512605159410407], "LMOutput_top_3_lm": [0.07457983194451247, 0.009453781547823123, 0.009453781614346164], "MCOutput_perplexity_mc": [2.0646370308739797, 1.1767966066087996, 1.0787863731384277], "MCOutput_precision_mc": [0.0, 0.0, 0.0], "MCOutput_f1_score_mc": [0.0, 0.0, 0.0], "MCOutput_top_1_mc": [0.0, 0.14285714285714285, 0.0], "MCOutput_top_3_mc": [0.0, 0.14285714285714285, 0.0]}