{"LMOutput_acc": [0.0, 0.0, 0.0, 0.0, 0.0, 0.0, 0.0, 0.0, 0.0, 0.0], "MCOutput_acc": [0.8391534388065338, 0.11428571492433548, 0.2444444437112127, 0.09841269786868777, 0.10052910127810069, 0.09206349189792361, 0.11005290916987828, 0.10158730404717582, 0.1015873019184385, 0.09523809594767434], "loss": [2.044079967907497, 2.588494437081473, 1.5739970207214355, 1.4819694076265608, 1.470766510282244, 1.4612465926579066, 1.4702264411108834, 1.4641289881297521, 1.4615142345428467, 1.4562828711100988], "MCOutput_loss": [0.6577626892498561, 1.2021775309528624, 0.1876798261489187, 0.09565199432628495, 0.0844491475394794, 0.07492922778640475, 0.0839092561176845, 0.07781183826071876, 0.07519718472446714, 0.06996583246759006], "LMOutput_loss": [0.6931586265563965, 0.69315847328731, 0.6931585924965995, 0.6931587031909398, 0.6931586861610413, 0.6931586861610413, 0.6931586010115487, 0.6931585669517517, 0.6931585243770054, 0.6931585158620562]}