{"loss": [2.1156163045338223, 1.5310584136417933, 1.4602295671190535], "MCOutput_acc": [0.5291005255920547, 0.09206349189792361, 0.09841269786868777], "LMOutput_loss": [0.6931582604135785, 0.6931584221976144, 0.6931588309151786], "LMOutput_acc": [0.0, 0.0, 0.0], "MCOutput_loss": [0.729299817766462, 0.14474154210516385, 0.07391189890248435]}